"","X","n_in_2008","mean_dist_in_2008","med_dist_in_2008","n_out_2008","mean_dist_out_2008","med_dist_out_2008","n_in_2009","mean_dist_in_2009","med_dist_in_2009","n_out_2009","mean_dist_out_2009","med_dist_out_2009","n_in_2010","mean_dist_in_2010","med_dist_in_2010","n_out_2010","mean_dist_out_2010","med_dist_out_2010","n_in_2011","mean_dist_in_2011","med_dist_in_2011","n_out_2011","mean_dist_out_2011","med_dist_out_2011","n_in_2012","mean_dist_in_2012","med_dist_in_2012","n_out_2012","mean_dist_out_2012","med_dist_out_2012","n_in_2013","mean_dist_in_2013","med_dist_in_2013","n_out_2013","mean_dist_out_2013","med_dist_out_2013","n_in_2014","mean_dist_in_2014","med_dist_in_2014","n_out_2014","mean_dist_out_2014","med_dist_out_2014","n_in_2015","mean_dist_in_2015","med_dist_in_2015","n_out_2015","mean_dist_out_2015","med_dist_out_2015","n_in_2016","mean_dist_in_2016","med_dist_in_2016","n_out_2016","mean_dist_out_2016","med_dist_out_2016"
"1",1,98,7.4289689164177,5.70660630715007,NA,NA,NA,58,7.4214342615067,4.13128644931182,NA,NA,NA,45,8.23037795016235,5.99544916068482,NA,NA,NA,48,9.35474678992136,8.14112909579854,NA,NA,NA,72,8.55953264090855,5.27573935670861,NA,NA,NA,65,8.08364572976927,4.36694668653501,NA,NA,NA,67,7.59456600333231,5.13150799831879,NA,NA,NA,67,7.29487992569006,4.80162543818828,NA,NA,NA,81,10.295504753695,7.19805196669473,NA,NA,NA
"2",2,NA,NA,NA,NA,NA,NA,NA,NA,NA,NA,NA,NA,NA,NA,NA,NA,NA,NA,NA,NA,NA,NA,NA,NA,NA,NA,NA,NA,NA,NA,NA,NA,NA,NA,NA,NA,NA,NA,NA,NA,NA,NA,NA,NA,NA,NA,NA,NA,NA,NA,NA,NA,NA,NA
"3",3,NA,NA,NA,NA,NA,NA,NA,NA,NA,NA,NA,NA,NA,NA,NA,NA,NA,NA,NA,NA,NA,NA,NA,NA,NA,NA,NA,NA,NA,NA,NA,NA,NA,NA,NA,NA,NA,NA,NA,NA,NA,NA,NA,NA,NA,NA,NA,NA,NA,NA,NA,NA,NA,NA
"4",4,102,7.25801634854387,5.70660630715007,102,7.25801634854387,5.70660630715007,64,7.34992057196408,4.60656161962851,64,7.34992057196408,4.60656161962851,49,7.76822003822567,4.55845847994348,49,7.76822003822567,4.55845847994348,48,9.35474678992136,8.14112909579854,48,9.35474678992136,8.14112909579854,75,8.3266525623069,4.8329320082909,75,8.3266525623069,4.8329320082909,73,7.76923625678404,4.36694668653501,73,7.76923625678404,4.36694668653501,80,7.74999513376344,4.97125041662077,80,7.74999513376344,4.97125041662077,71,7.28596588478195,4.80162543818828,71,7.28596588478195,4.80162543818828,86,10.0945081846037,6.28777818475406,86,10.0945081846037,6.28777818475406
